request::*, null, 
request::player::69bd7cda-bbb4-3b9e-ab2a-e274a21fe052, offlineplayer, 82046E616D6520800E44617276657259656572363831360475756964800455554944820C6C656173745369674269747304825ADE3E1F7C4B0C0B6D6F7374536967426974730463C044F2B11F3D4D
request::player::69bd7cda-bbb4-3b9e-ab2a-e274a21fe052, null, 
request::*, null, 
request::*, null, 
request::*, null, 
request::*, null, 
request::*, null, 
request::*, null, 
request::*, null, 
request::*, null, 
request::*, null, 
request::*, null, 
request::*, null, 
request::*, null, 
request::*, null, 
request::*, null, 
request::*, null, 
request::*, null, 
request::*, null, 
request::*, null, 
pvp.darveryeer6816, boolean, 01
pvp.darveryeer6816, boolean, 00
pvp.darveryeer6816, boolean, 01
request::*, null, 
pvp.darveryeer6816, boolean, 00
pvp.darveryeer6816a, boolean, 01
pvp.darveryeer6816a, boolean, 00
pvp.darveryeer6816a, boolean, 01
pvp.darveryeer6816a, boolean, 00
request::*, null, 
pvp.darveryeer6816, boolean, 01
pvp.darveryeer6816, boolean, 00
request::*, null, 
pvp.darveryeer6816, boolean, 01
request::*, null, 
pvp.darveryeer6816a, boolean, 01
pvp.darveryeer6816a, boolean, 00
request::*, null, 
request::*, null, 
pvp.darveryeer6816, boolean, 00
request::*, null, 
request::*, null, 
request::*, null, 
request::*, null, 
request::*, null, 
request::*, null, 
request::*, null, 
request::*, null, 
request::*, null, 
request::*, null, 
request::*, null, 
request::*, null, 
request::*, null, 
request::*, null, 
request::*, null, 
request::*, null, 
